module,n_buses,time_ms
DC_PF,3,0.0006
DC_PF,10,0.0018
DC_PF,50,0.0535
DC_PF,100,0.2233
DC_PF,500,10.6032
DC_PF,1000,31.2067
DC_PF,2000,304.83165
LOPF,3,3.7375
LOPF,10,3.59725
LOPF,50,4.738700000000001
LOPF,100,6.2734000000000005
LOPF,500,21.0492
