module,n_buses,time_ms
DC_PF,3,132.1348000000002
DC_PF,10,133.14124999999956
DC_PF,50,153.34615000000085
DC_PF,100,187.09474999999998
DC_PF,500,811.8026500000042
DC_PF,1000,2119.0368999999973
DC_PF,2000,8127.331999999996
LOPF,3,918.6324499999898
LOPF,10,1111.5607999999925
LOPF,50,2285.1897500000005
LOPF,100,3706.3991999999926
LOPF,500,15856.488000000012
